chr	start	end	gene	exon	mutations	COS_ID	coding	AA	amplicon
chr7	140453134	140453139	BRAF	15	1133 : c.1799_1801delTGA ; p.V600_K601>E, 475 : c.1799_1800TG>AA ; p.V600E, 477 : c.1799_1800TG>AT ; p.V600D, 6137 : c.1799T>G ; p.V600G, 476 : c.1799T>A ; p.V600E, 18443 : c.1799T>C ; p.V600A, 473 : c.1798_1799GT>AA ; p.V600K, 249889 : c.1798_1799GT>CA ; p.V600Q, 474 : c.1798_1799GT>AG ; p.V600R, 1127 : c.1797_1799AGT>GAG ; p.V600R, 33808 : c.1798G>T ; p.V600L, 1130 : c.1798G>A ; p.V600M, 219798 : c.1798G>C ; p.V600L, 144982 : c.1797_1798insACA ; p.T599_V600insT, 1128 : c.1797_1797A>TACTACG ; p.T599_V600insTT, 30730 : c.1796_1797insTAC ; p.T599_V600insT	1133, 475, 477, 6137, 476, 18443, 473, 249889, 474, 1127, 33808, 1130, 219798, 144982, 1128, 30730	c.1799_1801delTGA, c.1799_1800TG>AA, c.1799_1800TG>AT, c.1799T>G, c.1799T>A, c.1799T>C, c.1798_1799GT>AA, c.1798_1799GT>CA, c.1798_1799GT>AG, c.1797_1799AGT>GAG, c.1798G>T, c.1798G>A, c.1798G>C, c.1797_1798insACA, c.1797_1797A>TACTACG, c.1796_1797insTAC	p.V600_K601>E, p.V600E, p.V600D, p.V600G, p.V600E, p.V600A, p.V600K, p.V600Q, p.V600R, p.V600R, p.V600L, p.V600M, p.V600L, p.T599_V600insT, p.T599_V600insTT, p.T599_V600insT	CHP2_BRAF_2
chr3	41266040	41266141	CTNNB1	3	5747 : c.37G>A ; p.A13T, 49161 : c.43G>A ; p.E15K, 5702 : c.59C>T ; p.A20V, 5738 : c.61G>A ; p.A21T, 22566 : c.64G>A ; p.V22I, 6052 : c.64_99del36 ; p.V22_S33del, 6050 : c.64_114del51 ; p.V22_G38del, 5706 : c.65T>C ; p.V22A, 17941 : c.67A>G ; p.S23G, 5714 : c.67A>C ; p.S23R, 6057 : c.67_99del33 ; p.S23_S33del, 14256 : c.73_96del24 ; p.WQQQSYLD25?, 5749 : c.74G>T ; p.W25L, 6064 : c.74_97del24 ; p.W25_D32del, 5694 : c.86C>T ; p.S29F, 6076 : c.88_99del12 ; p.Y30_S33del, 34125 : c.90C>G ; p.Y30*, 5721 : c.91C>T ; p.L31L, 5661 : c.94G>T ; p.D32Y, 5668 : c.94G>C ; p.D32H, 5672 : c.94G>A ; p.D32N, 5681 : c.95A>G ; p.D32G, 5691 : c.95A>T ; p.D32V, 5690 : c.95A>C ; p.D32A, 5683 : c.97T>G ; p.S33A, 5682 : c.97T>C ; p.S33P, 6099 : c.97_98TC>AA ; p.S33N, 6098 : c.97_98TC>CT ; p.S33L, 5677 : c.98C>G ; p.S33C, 5673 : c.98C>A ; p.S33Y, 5669 : c.98C>T ; p.S33F, 5686 : c.100G>A ; p.G34R, 5684 : c.100G>C ; p.G34R, 5670 : c.101G>T ; p.G34V, 5671 : c.101G>A ; p.G34E, 13168 : c.104T>C ; p.I35T, 5674 : c.104T>G ; p.I35S, 5703 : c.106C>T ; p.H36Y, 27378 : c.107A>G ; p.H36R, 5678 : c.107A>C ; p.H36P, 5687 : c.109T>C ; p.S37P, 5675 : c.109T>G ; p.S37A, 5679 : c.110C>G ; p.S37C, 5662 : c.110C>T ; p.S37F, 5666 : c.110C>A ; p.S37Y, 24746 : c.112_114GGT>CCC ; p.G38P, 5713 : c.113G>A ; p.G38D, 5762 : c.115G>A ; p.A39T, 5753 : c.116C>G ; p.A39G, 5708 : c.119C>T ; p.T40I, 6140 : c.120T>C ; p.T40T, 5688 : c.121A>C ; p.T41P, 5716 : c.121A>T ; p.T41S, 5664 : c.121A>G ; p.T41A, 5730 : c.122C>A ; p.T41N, 5701 : c.122C>G ; p.T41S, 5676 : c.122C>T ; p.T41I, 5717 : c.123C>T ; p.T41T, 5696 : c.125C>T ; p.T42I, 5732 : c.125C>G ; p.T42R, 29289 : c.125_126delCA ; p.T42fs*7, 5758 : c.127G>A ; p.A43T, 5744 : c.127G>C ; p.A43P, 5699 : c.128C>T ; p.A43V, 17661 : c.130C>G ; p.P44A, 5704 : c.130C>T ; p.P44S, 5761 : c.131C>T ; p.P44L, 5685 : c.133T>G ; p.S45A, 5663 : c.133T>C ; p.S45P, 5689 : c.134C>G ; p.S45C, 5667 : c.134C>T ; p.S45F, 5692 : c.134C>A ; p.S45Y, 13175 : c.138G>A ; p.L46L	5747, 49161, 5702, 5738, 22566, 6052, 6050, 5706, 17941, 5714, 6057, 14256, 5749, 6064, 5694, 6076, 34125, 5721, 5661, 5668, 5672, 5681, 5691, 5690, 5683, 5682, 6099, 6098, 5677, 5673, 5669, 5686, 5684, 5670, 5671, 13168, 5674, 5703, 27378, 5678, 5687, 5675, 5679, 5662, 5666, 24746, 5713, 5762, 5753, 5708, 6140, 5688, 5716, 5664, 5730, 5701, 5676, 5717, 5696, 5732, 29289, 5758, 5744, 5699, 17661, 5704, 5761, 5685, 5663, 5689, 5667, 5692, 13175	c.37G>A, c.43G>A, c.59C>T, c.61G>A, c.64G>A, c.64_99del36, c.64_114del51, c.65T>C, c.67A>G, c.67A>C, c.67_99del33, c.73_96del24, c.74G>T, c.74_97del24, c.86C>T, c.88_99del12, c.90C>G, c.91C>T, c.94G>T, c.94G>C, c.94G>A, c.95A>G, c.95A>T, c.95A>C, c.97T>G, c.97T>C, c.97_98TC>AA, c.97_98TC>CT, c.98C>G, c.98C>A, c.98C>T, c.100G>A, c.100G>C, c.101G>T, c.101G>A, c.104T>C, c.104T>G, c.106C>T, c.107A>G, c.107A>C, c.109T>C, c.109T>G, c.110C>G, c.110C>T, c.110C>A, c.112_114GGT>CCC, c.113G>A, c.115G>A, c.116C>G, c.119C>T, c.120T>C, c.121A>C, c.121A>T, c.121A>G, c.122C>A, c.122C>G, c.122C>T, c.123C>T, c.125C>T, c.125C>G, c.125_126delCA, c.127G>A, c.127G>C, c.128C>T, c.130C>G, c.130C>T, c.131C>T, c.133T>G, c.133T>C, c.134C>G, c.134C>T, c.134C>A, c.138G>A	p.A13T, p.E15K, p.A20V, p.A21T, p.V22I, p.V22_S33del, p.V22_G38del, p.V22A, p.S23G, p.S23R, p.S23_S33del, p.WQQQSYLD25?, p.W25L, p.W25_D32del, p.S29F, p.Y30_S33del, p.Y30*, p.L31L, p.D32Y, p.D32H, p.D32N, p.D32G, p.D32V, p.D32A, p.S33A, p.S33P, p.S33N, p.S33L, p.S33C, p.S33Y, p.S33F, p.G34R, p.G34R, p.G34V, p.G34E, p.I35T, p.I35S, p.H36Y, p.H36R, p.H36P, p.S37P, p.S37A, p.S37C, p.S37F, p.S37Y, p.G38P, p.G38D, p.A39T, p.A39G, p.T40I, p.T40T, p.T41P, p.T41S, p.T41A, p.T41N, p.T41S, p.T41I, p.T41T, p.T42I, p.T42R, p.T42fs*7, p.A43T, p.A43P, p.A43V, p.P44A, p.P44S, p.P44L, p.S45A, p.S45P, p.S45C, p.S45F, p.S45Y, p.L46L	CHP2_CTNNB1_1
chr7	55242463	55242507	EGFR	19	26038 : c.2233_2247del15 ; p.K745_E749del, 14243 : c.2234A>G ; p.K745R, 28517 : c.2235_2246del12 ; p.E746_E749del, 6223 : c.2235_2249del15 ; p.E746_A750del, 24869 : c.2235_2252del18 ; p.E746_T751del, 13184 : c.2236G>A ; p.E746K, 6225 : c.2236_2250del15 ; p.E746_A750del, 12728 : c.2236_2253del18 ; p.E746_T751del, 133189 : c.2236_2256del21 ; p.E746_S752del, 12678 : c.2237_2251del15 ; p.E746_T751>A, 12386 : c.2237_2252>T ; p.E746_T751>V, 12367 : c.2237_2254del18 ; p.E746_S752>A, 12384 : c.2237_2255>T ; p.E746_S752>V, 23571 : c.2238_2252del15 ; p.L747_T751del, 6220 : c.2238_2255del18 ; p.E746_S752>D, 24267 : c.2239_2240TT>CC ; p.L747P, 6218 : c.2239_2247del9 ; p.L747_E749del, 12382 : c.2239_2248TTAAGAGAAG>C ; p.L747_A750>P, 12383 : c.2239_2251>C ; p.L747_T751>P, 6254 : c.2239_2253del15 ; p.L747_T751del, 6255 : c.2239_2256del18 ; p.L747_S752del, 133197 : c.2239_2257>T ; p.L747_P753>S, 26704 : c.2240T>C ; p.L747S, 6210 : c.2240_2251del12 ; p.L747_T751>S, 12369 : c.2240_2254del15 ; p.L747_T751del, 12370 : c.2240_2257del18 ; p.L747_P753>S, 18442 : c.2241_2244AAGA>CCCG ; p.L747_R748>FP, 6219 : c.2248G>C ; p.A750P, 13185 : c.2252C>T ; p.T751I, 133207 : c.2252_2275del24 ; p.T751_I759del, 96856 : c.2252_2276>A ; p.T751_I759>N, 13556 : c.2253_2276del24 ; p.S752_I759del, 29274 : c.2254T>C ; p.S752P, 6256 : c.2254_2277del24 ; p.S752_I759del	26038, 14243, 28517, 6223, 24869, 13184, 6225, 12728, 133189, 12678, 12386, 12367, 12384, 23571, 6220, 24267, 6218, 12382, 12383, 6254, 6255, 133197, 26704, 6210, 12369, 12370, 18442, 6219, 13185, 133207, 96856, 13556, 29274, 6256	c.2233_2247del15, c.2234A>G, c.2235_2246del12, c.2235_2249del15, c.2235_2252del18, c.2236G>A, c.2236_2250del15, c.2236_2253del18, c.2236_2256del21, c.2237_2251del15, c.2237_2252>T, c.2237_2254del18, c.2237_2255>T, c.2238_2252del15, c.2238_2255del18, c.2239_2240TT>CC, c.2239_2247del9, c.2239_2248TTAAGAGAAG>C, c.2239_2251>C, c.2239_2253del15, c.2239_2256del18, c.2239_2257>T, c.2240T>C, c.2240_2251del12, c.2240_2254del15, c.2240_2257del18, c.2241_2244AAGA>CCCG, c.2248G>C, c.2252C>T, c.2252_2275del24, c.2252_2276>A, c.2253_2276del24, c.2254T>C, c.2254_2277del24	p.K745_E749del, p.K745R, p.E746_E749del, p.E746_A750del, p.E746_T751del, p.E746K, p.E746_A750del, p.E746_T751del, p.E746_S752del, p.E746_T751>A, p.E746_T751>V, p.E746_S752>A, p.E746_S752>V, p.L747_T751del, p.E746_S752>D, p.L747P, p.L747_E749del, p.L747_A750>P, p.L747_T751>P, p.L747_T751del, p.L747_S752del, p.L747_P753>S, p.L747S, p.L747_T751>S, p.L747_T751del, p.L747_P753>S, p.L747_R748>FP, p.A750P, p.T751I, p.T751_I759del, p.T751_I759>N, p.S752_I759del, p.S752P, p.S752_I759del	CHP2_EGFR_5
chr7	55249071	55249071	EGFR	20	6240 : c.2369C>T ; p.T790M	6240	c.2369C>T	p.T790M	CHP2_EGFR_6
chr7	55241706	55241708	EGFR	18	18441 : c.2154_2155GG>TT ; p.G719C, 6252 : c.2155G>A ; p.G719S, 6253 : c.2155G>T ; p.G719C, 18425 : c.2156G>A ; p.G719D, 6239 : c.2156G>C ; p.G719A	18441, 6252, 6253, 18425, 6239	c.2154_2155GG>TT, c.2155G>A, c.2155G>T, c.2156G>A, c.2156G>C	p.G719C, p.G719S, p.G719C, p.G719D, p.G719A	CHP2_EGFR_4
chr7	55259514	55259524	EGFR	21	26129 : c.2572C>T ; p.L858L, 12366 : c.2572C>A ; p.L858M, 13553 : c.2572_2573CT>AG ; p.L858R, 6224 : c.2573T>G ; p.L858R, 12429 : c.2573_2574TG>GT ; p.L858R, 12675 : c.2575G>A ; p.A859T, 12374 : c.2582T>G ; p.L861R, 6213 : c.2582T>A ; p.L861Q	26129, 12366, 13553, 6224, 12429, 12675, 12374, 6213	c.2572C>T, c.2572C>A, c.2572_2573CT>AG, c.2573T>G, c.2573_2574TG>GT, c.2575G>A, c.2582T>G, c.2582T>A	p.L858L, p.L858M, p.L858R, p.L858R, p.L858R, p.A859T, p.L861R, p.L861Q	CHP2_EGFR_8
chr17	37880993	37880997	ERBB2	20	682 : c.2322_2323ins12 ; p.M774_A775insAYVM, 20959 : c.2324_2325ins12 ; p.A775_G776insYVMA, 12558 : c.2325_2326ins12 ; p.A775_G776insYVMA	682, 20959, 12558	c.2322_2323ins12, c.2324_2325ins12, c.2325_2326ins12	p.M774_A775insAYVM, p.A775_G776insYVMA, p.A775_G776insYVMA	CHP2_ERBB2_2
chr11	534285	534289	HRAS	2	489 : c.38G>T ; p.G13V, 490 : c.38G>A ; p.G13D, 488 : c.37G>T ; p.G13C, 487 : c.37G>A ; p.G13S, 486 : c.37G>C ; p.G13R, 484 : c.35G>A ; p.G12D, 483 : c.35G>T ; p.G12V, 485 : c.35G>C ; p.G12A, 482 : c.34G>C ; p.G12R, 480 : c.34G>A ; p.G12S, 481 : c.34G>T ; p.G12C	489, 490, 488, 487, 486, 484, 483, 485, 482, 480, 481	c.38G>T, c.38G>A, c.37G>T, c.37G>A, c.37G>C, c.35G>A, c.35G>T, c.35G>C, c.34G>C, c.34G>A, c.34G>T	p.G13V, p.G13D, p.G13C, p.G13S, p.G13R, p.G12D, p.G12V, p.G12A, p.G12R, p.G12S, p.G12C	CHP2_HRAS_1
chr11	533873	533875	HRAS	3	502 : c.183G>T ; p.Q61H, 503 : c.183G>C ; p.Q61H, 33695 : c.182_183AG>GA ; p.Q61R, 501 : c.182_183AG>GT ; p.Q61R, 52978 : c.182_183AG>TA ; p.Q61L, 499 : c.182A>G ; p.Q61R, 498 : c.182A>T ; p.Q61L, 500 : c.182A>C ; p.Q61P, 52979 : c.181_182CA>AG ; p.Q61R, 496 : c.181C>A ; p.Q61K	502, 503, 33695, 501, 52978, 499, 498, 500, 52979, 496	c.183G>T, c.183G>C, c.182_183AG>GA, c.182_183AG>GT, c.182_183AG>TA, c.182A>G, c.182A>T, c.182A>C, c.181_182CA>AG, c.181C>A	p.Q61H, p.Q61H, p.Q61R, p.Q61R, p.Q61L, p.Q61R, p.Q61L, p.Q61P, p.Q61R, p.Q61K	CHP2_HRAS_2
chr4	55592185	55592202	KIT	9	1326 : c.1509_1510insGCCTAT ; p.Y503_F504insAY, 96885 : c.1526A>T ; p.K509I	1326, 96885	c.1509_1510insGCCTAT, c.1526A>T	p.Y503_F504insAY, p.K509I	CHP2_KIT_2
chr4	55593585	55593689	KIT	11	1169 : c.1651_1665del15 ; p.P551_V555del, 33965 : c.1652C>T ; p.P551L, 1177 : c.1653_1670del18 ; p.M552_W557del, 1183 : c.1654A>C ; p.M552L, 1179 : c.1654_1659delATGTAT ; p.M552_Y553del, 1181 : c.1654_1662del9 ; p.M552_E554del, 1327 : c.1654_1668del15 ; p.M552_Q556del, 1180 : c.1654_1671del18 ; p.M552_W557del, 36311 : c.1655_1660delTGTATG ; p.M552_E554>K, 96868 : c.1655_1666del12 ; p.M552_Q556>K, 1328 : c.1655_1672del18 ; p.M552_W557del, 1187 : c.1656_1670del15 ; p.Y553_W557del, 27909 : c.1656_1673del18 ; p.Y553_K558>, 133763 : c.1657T>A ; p.Y553N, 1189 : c.1657_1668del12 ; p.Y553_Q556del, 1190 : c.1657_1674del18 ; p.Y553_K558del, 22275 : c.1658_1720del63 ; p.Y553_T574>S, 17944 : c.1660G>A ; p.E554K, 1192 : c.1660_1674del15 ; p.E554_K558del, 1329 : c.1661_1675del15 ; p.E554_K558del, 1194 : c.1662_1685del24 ; p.V555_E562del, 133764 : c.1663G>A ; p.V555I, 1201 : c.1663_1668delGTACAG ; p.V555_Q556del, 1199 : c.1663_1674del12 ; p.V555_K558del, 1198 : c.1663_1677del15 ; p.V555_V559del, 1202 : c.1663_1680del18 ; p.V555_V560del, 1200 : c.1663_1713del51 ; p.V555_I571del, 1203 : c.1663_1719del57 ; p.V555_P573del, 23418 : c.?_?del? ; p.Q556_K558del, 1204 : c.1666_1680del15 ; p.Q556_V560del, 1205 : c.1666_1728del63 ; p.Q556_L576del, 1210 : c.1667_1672delAGTGGA ; p.W557_K558del, 1330 : c.1667_1681del15 ; p.W557_E561del, 1211 : c.1668_1673delGTGGAA ; p.W557_K558del, 1213 : c.1668_1679del12 ; p.Q556_V560>H, 1219 : c.1669T>C ; p.W557R, 1221 : c.1669T>G ; p.W557G, 1216 : c.1669T>A ; p.W557R, 1220 : c.1669_1671delTGG ; p.W557del, 24748 : c.1669_1672TGGA>G ; p.W557_K558>E, 19310 : c.1669_1674delTGGAAG ; p.W557_K558del, 1217 : c.1669_1674delTGGAAG ; p.W557_K558del, 1218 : c.1669_1677del9 ; p.W557_V559del, 1223 : c.1669_1680del12 ; p.W557_V560del, 1332 : c.1669_1683del15 ; p.W557_E561del, 1227 : c.1670G>C ; p.W557S, 1226 : c.1670_1675delGGAAGG ; p.W557_V559>F, 1229 : c.1670_1717del48 ; p.W557_P573>S, 21978 : c.1671_1673GAA>TCC ; p.W557_K558>CP, 1233 : c.1671_1676delGAAGGT ; p.W557_V559>C, 1232 : c.1671_1679del9 ; p.W557_V560>C, 30551 : c.1672A>G ; p.K558E, 28637 : c.1672_1676AAGGT>TCTTC ; p.K558_V559>SS, 1235 : c.1672_1677delAAGGTT ; p.K558_V559del, 1234 : c.1672_1680del9 ; p.K558_V560del, 1239 : c.1672_1686del15 ; p.K558_E562del, 1238 : c.1672_1692del21 ; p.K558_N564del, 29015 : c.1673A>G ; p.K558R, 21976 : c.1673_1674insTCC ; p.K558>NP, 1241 : c.1673_1678delAGGTTG ; p.K558_V560>I, 18896 : c.1673_1687del15 ; p.K558_E562del, 1245 : c.1674_1674G>TCCT ; p.K558>NP, 1243 : c.1674G>A ; p.K558K, 27069 : c.1674_1679delGGTTGT ; p.K558_V560>N, 1251 : c.1675G>A ; p.V559I, 1247 : c.1675_1677delGTT ; p.V559del, 1248 : c.1675_1680delGTTGTT ; p.V559_V560del, 1250 : c.1675_1683del9 ; p.V559_E561del, 1249 : c.1675_1695del21 ; p.V559_G565del, 1252 : c.1676T>A ; p.V559D, 1253 : c.1676T>G ; p.V559G, 1255 : c.1676T>C ; p.V559A, 1254 : c.1676_1684del9 ; p.V559_E561del, 1256 : c.1678_1680delGTT ; p.V560del, 36293 : c.1678_1728del51 ; p.V560_L576del, 1257 : c.1679T>A ; p.V560D, 1260 : c.1679T>G ; p.V560G, 1333 : c.1679_1680TT>AG ; p.V560E, 1258 : c.1679_1681delTTG ; p.V560del, 1264 : c.1681G>A ; p.E561K, 1265 : c.1683G>A ; p.E561E, 17946 : c.1684G>A ; p.E562K, 29442 : c.1687_1728del42 ; p.I563_L576del, 1270 : c.1690_1728del39 ; p.N564_L576del, 23560 : c.1690_1734del45 ; p.N564_Y578del, 1273 : c.1696A>G ; p.N566D, 1275 : c.1698C>T ; p.N566N, 19029 : c.1701T>A ; p.N567K, 1277 : c.1702T>G ; p.Y568D, 1334 : c.1702_1722del21 ; p.Y568_T574del, 1285 : c.1708_1728del21 ; p.Y570_L576del, 133754 : c.1711_1728del18 ; p.I571_L576del, 96888 : c.1714G>A ; p.D572N, 96883 : c.1718C>T ; p.P573L, 33966 : c.1726C>T ; p.L576F, 1289 : c.1726_1728delCTT ; p.L576del, 1290 : c.1727T>C ; p.L576P, 1293 : c.1729C>T ; p.P577S, 1294 : c.1735_1737delGAT ; p.D579del, 36305 : c.1745G>A ; p.W582*, 36313 : c.1746G>A ; p.W582*, 1297 : c.1751T>C ; p.F584S, 1299 : c.1755C>T ; p.P585P	1169, 33965, 1177, 1183, 1179, 1181, 1327, 1180, 36311, 96868, 1328, 1187, 27909, 133763, 1189, 1190, 22275, 17944, 1192, 1329, 1194, 133764, 1201, 1199, 1198, 1202, 1200, 1203, 23418, 1204, 1205, 1210, 1330, 1211, 1213, 1219, 1221, 1216, 1220, 24748, 19310, 1217, 1218, 1223, 1332, 1227, 1226, 1229, 21978, 1233, 1232, 30551, 28637, 1235, 1234, 1239, 1238, 29015, 21976, 1241, 18896, 1245, 1243, 27069, 1251, 1247, 1248, 1250, 1249, 1252, 1253, 1255, 1254, 1256, 36293, 1257, 1260, 1333, 1258, 1264, 1265, 17946, 29442, 1270, 23560, 1273, 1275, 19029, 1277, 1334, 1285, 133754, 96888, 96883, 33966, 1289, 1290, 1293, 1294, 36305, 36313, 1297, 1299	c.1651_1665del15, c.1652C>T, c.1653_1670del18, c.1654A>C, c.1654_1659delATGTAT, c.1654_1662del9, c.1654_1668del15, c.1654_1671del18, c.1655_1660delTGTATG, c.1655_1666del12, c.1655_1672del18, c.1656_1670del15, c.1656_1673del18, c.1657T>A, c.1657_1668del12, c.1657_1674del18, c.1658_1720del63, c.1660G>A, c.1660_1674del15, c.1661_1675del15, c.1662_1685del24, c.1663G>A, c.1663_1668delGTACAG, c.1663_1674del12, c.1663_1677del15, c.1663_1680del18, c.1663_1713del51, c.1663_1719del57, c.?_?del?, c.1666_1680del15, c.1666_1728del63, c.1667_1672delAGTGGA, c.1667_1681del15, c.1668_1673delGTGGAA, c.1668_1679del12, c.1669T>C, c.1669T>G, c.1669T>A, c.1669_1671delTGG, c.1669_1672TGGA>G, c.1669_1674delTGGAAG, c.1669_1674delTGGAAG, c.1669_1677del9, c.1669_1680del12, c.1669_1683del15, c.1670G>C, c.1670_1675delGGAAGG, c.1670_1717del48, c.1671_1673GAA>TCC, c.1671_1676delGAAGGT, c.1671_1679del9, c.1672A>G, c.1672_1676AAGGT>TCTTC, c.1672_1677delAAGGTT, c.1672_1680del9, c.1672_1686del15, c.1672_1692del21, c.1673A>G, c.1673_1674insTCC, c.1673_1678delAGGTTG, c.1673_1687del15, c.1674_1674G>TCCT, c.1674G>A, c.1674_1679delGGTTGT, c.1675G>A, c.1675_1677delGTT, c.1675_1680delGTTGTT, c.1675_1683del9, c.1675_1695del21, c.1676T>A, c.1676T>G, c.1676T>C, c.1676_1684del9, c.1678_1680delGTT, c.1678_1728del51, c.1679T>A, c.1679T>G, c.1679_1680TT>AG, c.1679_1681delTTG, c.1681G>A, c.1683G>A, c.1684G>A, c.1687_1728del42, c.1690_1728del39, c.1690_1734del45, c.1696A>G, c.1698C>T, c.1701T>A, c.1702T>G, c.1702_1722del21, c.1708_1728del21, c.1711_1728del18, c.1714G>A, c.1718C>T, c.1726C>T, c.1726_1728delCTT, c.1727T>C, c.1729C>T, c.1735_1737delGAT, c.1745G>A, c.1746G>A, c.1751T>C, c.1755C>T	p.P551_V555del, p.P551L, p.M552_W557del, p.M552L, p.M552_Y553del, p.M552_E554del, p.M552_Q556del, p.M552_W557del, p.M552_E554>K, p.M552_Q556>K, p.M552_W557del, p.Y553_W557del, p.Y553_K558>, p.Y553N, p.Y553_Q556del, p.Y553_K558del, p.Y553_T574>S, p.E554K, p.E554_K558del, p.E554_K558del, p.V555_E562del, p.V555I, p.V555_Q556del, p.V555_K558del, p.V555_V559del, p.V555_V560del, p.V555_I571del, p.V555_P573del, p.Q556_K558del, p.Q556_V560del, p.Q556_L576del, p.W557_K558del, p.W557_E561del, p.W557_K558del, p.Q556_V560>H, p.W557R, p.W557G, p.W557R, p.W557del, p.W557_K558>E, p.W557_K558del, p.W557_K558del, p.W557_V559del, p.W557_V560del, p.W557_E561del, p.W557S, p.W557_V559>F, p.W557_P573>S, p.W557_K558>CP, p.W557_V559>C, p.W557_V560>C, p.K558E, p.K558_V559>SS, p.K558_V559del, p.K558_V560del, p.K558_E562del, p.K558_N564del, p.K558R, p.K558>NP, p.K558_V560>I, p.K558_E562del, p.K558>NP, p.K558K, p.K558_V560>N, p.V559I, p.V559del, p.V559_V560del, p.V559_E561del, p.V559_G565del, p.V559D, p.V559G, p.V559A, p.V559_E561del, p.V560del, p.V560_L576del, p.V560D, p.V560G, p.V560E, p.V560del, p.E561K, p.E561E, p.E562K, p.I563_L576del, p.N564_L576del, p.N564_Y578del, p.N566D, p.N566N, p.N567K, p.Y568D, p.Y568_T574del, p.Y570_L576del, p.I571_L576del, p.D572N, p.P573L, p.L576F, p.L576del, p.L576P, p.P577S, p.D579del, p.W582*, p.W582*, p.F584S, p.P585P	CHP2_KIT_4
chr4	55593431	55593481	KIT	13	1155 : c.1588G>A ; p.V530I, 28026 : c.1621A>C ; p.M541L, 21983 : c.1638A>G ; p.K546K	1155, 28026, 21983	c.1588G>A, c.1621A>C, c.1638A>G	p.V530I, p.M541L, p.K546K	CHP2_KIT_3
chr4	55594221	55594258	KIT	17	1304 : c.1924A>G ; p.K642E, 25064 : c.1928T>C ; p.V643A, 12706 : c.1961T>C ; p.V654A	1304, 25064, 12706	c.1924A>G, c.1928T>C, c.1961T>C	p.K642E, p.V643A, p.V654A	CHP2_KIT_5
chr12	25378561	25378647	KRAS	4	19900 : c.437C>T ; p.A146V, 19404 : c.436G>A ; p.A146T, 19905 : c.436G>C ; p.A146P, 19940 : c.351A>C ; p.K117N, 28519 : c.351A>T ; p.K117N	19900, 19404, 19905, 19940, 28519	c.437C>T, c.436G>A, c.436G>C, c.351A>C, c.351A>T	p.A146V, p.A146T, p.A146P, p.K117N, p.K117N	CHP2_KRAS_3
chr12	25380275	25380285	KRAS	3	555 : c.183A>T ; p.Q61H, 554 : c.183A>C ; p.Q61H, 551 : c.182A>C ; p.Q61P, 552 : c.182A>G ; p.Q61R, 553 : c.182A>T ; p.Q61L, 549 : c.181C>A ; p.Q61K, 550 : c.181C>G ; p.Q61E, 87298 : c.180_181TC>AA ; p.Q61K, 12729 : c.180_181TC>CA ; p.Q61K, 28518 : c.176C>G ; p.A59G, 547 : c.176C>A ; p.A59E, 546 : c.175G>A ; p.A59T, 87288 : c.173C>T ; p.T58I	555, 554, 551, 552, 553, 549, 550, 87298, 12729, 28518, 547, 546, 87288	c.183A>T, c.183A>C, c.182A>C, c.182A>G, c.182A>T, c.181C>A, c.181C>G, c.180_181TC>AA, c.180_181TC>CA, c.176C>G, c.176C>A, c.175G>A, c.173C>T	p.Q61H, p.Q61H, p.Q61P, p.Q61R, p.Q61L, p.Q61K, p.Q61E, p.Q61K, p.Q61K, p.A59G, p.A59E, p.A59T, p.T58I	CHP2_KRAS_2
chr12	25398279	25398285	KRAS	2	219781 : c.39_40insGGC ; p.G13_V14insG, 536 : c.39C>T ; p.G13G, 537 : c.39C>A ; p.G13G, 535 : c.39C>G ; p.G13G, 531 : c.38_39GC>AT ; p.G13D, 530 : c.38_39GC>TG ; p.G13V, 12721 : c.38_39GC>TT ; p.G13V, 87280 : c.38_39GC>AA ; p.G13E, 526 : c.37_39GGC>CGT ; p.G13R, 534 : c.38G>T ; p.G13V, 532 : c.38G>A ; p.G13D, 533 : c.38G>C ; p.G13A, 529 : c.37G>C ; p.G13R, 527 : c.37G>T ; p.G13C, 528 : c.37G>A ; p.G13S, 12655 : c.36_37insGGT ; p.G12_G13insG, 87281 : c.36_37TG>AT ; p.G13C, 524 : c.36T>A ; p.G12G, 523 : c.36T>C ; p.G12G, 14209 : c.35_36GT>AC ; p.G12D, 519 : c.35_36GT>AA ; p.G12E, 515 : c.35_36GT>TC ; p.G12V, 36281 : c.34_36GGT>TGG ; p.G12W, 513 : c.34_36GGT>TGC ; p.G12C, 522 : c.35G>C ; p.G12A, 521 : c.35G>A ; p.G12D, 520 : c.35G>T ; p.G12V, 512 : c.34_35GG>TT ; p.G12F, 25081 : c.34_35GG>TA ; p.G12Y, 34144 : c.34_35GG>AT ; p.G12I, 514 : c.34_35GG>CT ; p.G12L, 518 : c.34G>C ; p.G12R, 517 : c.34G>A ; p.G12S, 516 : c.34G>T ; p.G12C	219781, 536, 537, 535, 531, 530, 12721, 87280, 526, 534, 532, 533, 529, 527, 528, 12655, 87281, 524, 523, 14209, 519, 515, 36281, 513, 522, 521, 520, 512, 25081, 34144, 514, 518, 517, 516	c.39_40insGGC, c.39C>T, c.39C>A, c.39C>G, c.38_39GC>AT, c.38_39GC>TG, c.38_39GC>TT, c.38_39GC>AA, c.37_39GGC>CGT, c.38G>T, c.38G>A, c.38G>C, c.37G>C, c.37G>T, c.37G>A, c.36_37insGGT, c.36_37TG>AT, c.36T>A, c.36T>C, c.35_36GT>AC, c.35_36GT>AA, c.35_36GT>TC, c.34_36GGT>TGG, c.34_36GGT>TGC, c.35G>C, c.35G>A, c.35G>T, c.34_35GG>TT, c.34_35GG>TA, c.34_35GG>AT, c.34_35GG>CT, c.34G>C, c.34G>A, c.34G>T	p.G13_V14insG, p.G13G, p.G13G, p.G13G, p.G13D, p.G13V, p.G13V, p.G13E, p.G13R, p.G13V, p.G13D, p.G13A, p.G13R, p.G13C, p.G13S, p.G12_G13insG, p.G13C, p.G12G, p.G12G, p.G12D, p.G12E, p.G12V, p.G12W, p.G12C, p.G12A, p.G12D, p.G12V, p.G12F, p.G12Y, p.G12I, p.G12L, p.G12R, p.G12S, p.G12C	CHP2_KRAS_1
chr7	116423413	116423474	MET	19	690 : c.3742T>C ; p.Y1248H, 699 : c.3743A>G ; p.Y1248C, 700 : c.3757T>G ; p.Y1253D, 691 : c.3803T>C ; p.M1268T	690, 699, 700, 691	c.3742T>C, c.3743A>G, c.3757T>G, c.3803T>C	p.Y1248H, p.Y1248C, p.Y1253D, p.M1268T	CHP2_MET_6
chr7	116411883	116411990	MET	14	49015 : c.2942-20del22 ; p.?, 29636 : c.2942_3082del141 ; p.982_1028del47, 707 : c.3029C>T ; p.T1010I	49015, 29636, 707	c.2942-20del22, c.2942_3082del141, c.3029C>T	p.?, p.982_1028del47, p.T1010I	CHP2_MET_4
chr7	116417463	116417519	MET	16	696 : c.3334C>T ; p.H1112Y, 698 : c.3335A>T ; p.H1112L, 703 : c.3335A>G ; p.H1112R, 201908 : c.3350A>G ; p.D1117G, 702 : c.3352A>T ; p.N1118Y, 697 : c.3370C>G ; p.H1124D, 701 : c.3390G>A ; p.L1130L	696, 698, 703, 201908, 702, 697, 701	c.3334C>T, c.3335A>T, c.3335A>G, c.3350A>G, c.3352A>T, c.3370C>G, c.3390G>A	p.H1112Y, p.H1112L, p.H1112R, p.D1117G, p.N1118Y, p.H1124D, p.L1130L	CHP2_MET_5
chr1	115258743	115258748	NRAS	2	576 : c.39T>C ; p.G13G, 572 : c.38_39GT>TC ; p.G13V, 575 : c.38G>C ; p.G13A, 574 : c.38G>T ; p.G13V, 573 : c.38G>A ; p.G13D, 570 : c.37G>T ; p.G13C, 571 : c.37G>A ; p.G13S, 569 : c.37G>C ; p.G13R, 567 : c.36T>C ; p.G12G, 566 : c.35G>T ; p.G12V, 565 : c.35G>C ; p.G12A, 564 : c.35G>A ; p.G12D, 12723 : c.34_35GG>AA ; p.G12N, 562 : c.34G>T ; p.G12C, 561 : c.34G>C ; p.G12R, 563 : c.34G>A ; p.G12S	576, 572, 575, 574, 573, 570, 571, 569, 567, 566, 565, 564, 12723, 562, 561, 563	c.39T>C, c.38_39GT>TC, c.38G>C, c.38G>T, c.38G>A, c.37G>T, c.37G>A, c.37G>C, c.36T>C, c.35G>T, c.35G>C, c.35G>A, c.34_35GG>AA, c.34G>T, c.34G>C, c.34G>A	p.G13G, p.G13V, p.G13A, p.G13V, p.G13D, p.G13C, p.G13S, p.G13R, p.G12G, p.G12V, p.G12A, p.G12D, p.G12N, p.G12C, p.G12R, p.G12S	CHP2_NRAS_1
chr1	115256528	115256532	NRAS	3	586 : c.183A>C ; p.Q61H, 587 : c.183A>G ; p.Q61Q, 585 : c.183A>T ; p.Q61H, 30646 : c.182_183AA>TG ; p.Q61L, 33693 : c.182_183AA>GG ; p.Q61R, 53223 : c.181_183CAA>AAG ; p.Q61K, 584 : c.182A>G ; p.Q61R, 583 : c.182A>T ; p.Q61L, 582 : c.182A>C ; p.Q61P, 12725 : c.181_182CA>TT ; p.Q61L, 579 : c.181_182CA>AG ; p.Q61R, 581 : c.181C>G ; p.Q61E, 580 : c.181C>A ; p.Q61K, 12730 : c.180_181AC>TA ; p.Q61K, 28673 : c.179G>A ; p.G60E	586, 587, 585, 30646, 33693, 53223, 584, 583, 582, 12725, 579, 581, 580, 12730, 28673	c.183A>C, c.183A>G, c.183A>T, c.182_183AA>TG, c.182_183AA>GG, c.181_183CAA>AAG, c.182A>G, c.182A>T, c.182A>C, c.181_182CA>TT, c.181_182CA>AG, c.181C>G, c.181C>A, c.180_181AC>TA, c.179G>A	p.Q61H, p.Q61Q, p.Q61H, p.Q61L, p.Q61R, p.Q61K, p.Q61R, p.Q61L, p.Q61P, p.Q61L, p.Q61R, p.Q61E, p.Q61K, p.Q61K, p.G60E	CHP2_NRAS_2
chr1	115252204	115252204	NRAS		27174 : c.436G>A ; p.A146T	27174	c.436G>A	p.A146T	CHP2_NRAS_3
